0.ID,1.filename,2.name,
1,character/manager/Nefrit.html,ニーフリット,
2,character/manager/Tachibana_Hanako.html,立花玻奈子,
3,character/manager/Tsubokuda_Hajime.html,壺久田創
4,character/manager/Saikai_Atori.html,斎海花鶏
5,character/manager/Nora_Rikura.html,野良陸羅
6,character/manager/Tsubokuda_Tamotsu.html,壺久田完
7,character/manager/Refine_Cheeks.html,リフィーネ・チークス
8,character/manager/Kurusu_Uru.html,来栖うる
9,character/manager/Hijirisawa_Sakunosuke.html,聖沢咲之介
10,character/manager/Kuruma_Hatoka.html,久留間鳩歌
11,character/manager/Kowata_Yuko.html,木幡優子
12,character/manager/Kurusu_Tora.html,来栖とら
13,character/manager/Kaito_Sota.html,海棠颯太
14,character/manager/Mukai_Ko.html,向井鴻
15,character/manager/Kaitsuki_Sae.html,海月紗衣
16,character/manager/Kaneari_Himeko.html,鐘有姫芽子
17,character/manager/Kanzato_Nagi.html,漢里凪
18,character/manager/Danzaki_Momiji.html,檀崎栴
19,character/manager/Ganymedes.html,ガニュメデス
20,character/manager/Suzushika_Kaname.html,凉鹿枢
21,character/manager/Yasuharu.html,叶櫻
22,character/manager/Maiki_Sorano.html,舞木空乃
23,character/manager/Sato_Yoshihiro.html,佐藤慈博
24,character/manager/Sasaki_Kokoe.html,佐々木心笑(笹子)
25,character/manager/Kamado_Nanaka.html,竃菜々華
26,character/manager/Zeis_Rudolph.html,Zeis Rudolph
27,character/manager/Pileesh.html,ピリーシュ
28,character/manager/Enomoto_Yuzuki.html,榎本佑月
29,character/manager/Yamamoto_Matoshi.html,山本間智
30,character/manager/Watakori_Ikkai.html,綿古里一介
31,character/manager/Asami_Chiyoko.html,浅海千代子
32,character/manager/Siuh_Ngao_Hisenjis.html,Siuh・ngao・Hisenjis
33,character/manager/Sakaki_Hayae.html,榊隼絵
34,character/manager/K.html,K
35,character/manager/Kotsuuro_Aki.html,榾洞吾幹
36,character/manager/Saisyo_Miren.html,齊清美蓮
37,character/manager/Hajime.html,ハジメ
38,character/manager/Kyotake_Momo.html,夾茸もも
39,character/manager/Miyamoto_Hiyori.html,宮本一縁
40,character/manager/Takara_Tomi.html,財富
41,character/manager/Payuta.html,ぱゆた
42,character/manager/Ribon.html,リボン
43,character/manager/Nia.html,ニア
44,character/manager/Shitan.html,しーたん
45,character/manager/Kaneura_Mareto.html,金浦 稀翔
46,character/manager/Yomo_Komugi.html,四方 胡麦
47,character/manager/Mikage_Hatori.html,史影 織
48,character/manager/Nagy_Zaghlul.html,ナージー・ザグルール
